NUMBER,ENGLISH_WORD,POS,NUMBER_OF_TRANSLATIONS,AMBIGUITY,AMBIGUITY_SOURCE
257,abuse,noun / verb,3,Ambiguous,Meaning
257,abuse,noun / verb,3,Ambiguous,Meaning
257,abuse,verb,3,Ambiguous,Meaning
434,action,noun,4,Ambiguous,Form and Meaning
434,action,noun,4,Ambiguous,Form and Meaning
434,action,noun,4,Ambiguous,Form and Meaning
434,action,noun,4,Ambiguous,Form and Meaning
35,advantage,noun,3,Ambiguous,Meaning
35,advantage,noun,3,Ambiguous,Meaning
35,advantage,noun,3,Ambiguous,Meaning
557,age,noun,2,Ambiguous,Form
557,age,noun,2,Ambiguous,Form
491,airplane,noun,1,Unambiguous,
263,alley,noun,4,Ambiguous,Form and Meaning
263,alley,noun,4,Ambiguous,Form and Meaning
263,alley,noun,4,Ambiguous,Form and Meaning
263,alley,noun,4,Ambiguous,Form and Meaning
224,anger,noun,5,Ambiguous,Form and Meaning
224,anger,verb,5,Ambiguous,Form and Meaning
224,anger,noun,5,Ambiguous,Form and Meaning
224,anger,noun,5,Ambiguous,Form and Meaning
224,anger,verb,5,Ambiguous,Form and Meaning
133,angle,noun,2,Ambiguous,Meaning
133,angle,noun,2,Ambiguous,Meaning
337,ant,noun,1,Unambiguous,
72,apple,noun,1,Unambiguous,
379,army,noun,2,Ambiguous,Form
379,army,noun,2,Ambiguous,Form
560,arrival,noun,2,Ambiguous,Form
560,arrival,noun,2,Ambiguous,Form
445,arrow,noun,2,Ambiguous,Meaning
445,arrow,noun,2,Ambiguous,Meaning
327,art,noun,2,Ambiguous,Meaning
327,art,noun,2,Ambiguous,Meaning
107,attempt,verb,4,Ambiguous,Form and Meaning
107,attempt,verb,4,Ambiguous,Form and Meaning
107,attempt,noun / verb,4,Ambiguous,Form and Meaning
107,attempt,verb,4,Ambiguous,Form and Meaning
530,attention,noun,2,Ambiguous,Form
530,attention,noun,2,Ambiguous,Form
248,aunt,noun,5,Ambiguous,Form and Meaning
248,aunt,noun,5,Ambiguous,Form and Meaning
248,aunt,noun,5,Ambiguous,Form and Meaning
248,aunt,noun,5,Ambiguous,Form and Meaning
248,aunt,noun,5,Ambiguous,Form and Meaning
77,author,noun,1,Unambiguous,
110,autumn,noun,3,Ambiguous,Form
110,autumn,noun,3,Ambiguous,Form
110,autumn,noun,3,Ambiguous,Form
104,bag,noun,3,Ambiguous,Form and Meaning
104,bag,noun,3,Ambiguous,Form and Meaning
104,bag,noun,3,Ambiguous,Form and Meaning
247,baker,noun,3,Ambiguous,Form and Meaning
247,baker,noun,3,Ambiguous,Form and Meaning
247,baker,noun,3,Ambiguous,Form and Meaning
345,ball,noun,1,Unambiguous,
381,base,noun,5,Ambiguous,Form and Meaning
381,base,noun,5,Ambiguous,Form and Meaning
381,base,noun,5,Ambiguous,Form and Meaning
381,base,noun,5,Ambiguous,Form and Meaning
381,base,noun,5,Ambiguous,Form and Meaning
17,bath,noun,1,Unambiguous,
276,beach,noun,2,Ambiguous,Form
276,beach,noun,2,Ambiguous,Form
182,beauty,noun,2,Ambiguous,Meaning
182,beauty,noun,2,Ambiguous,Meaning
338,bee,noun,2,Ambiguous,Form
338,bee,noun,2,Ambiguous,Form
329,belt,noun,3,Ambiguous,Form and Meaning
329,belt,noun,3,Ambiguous,Form and Meaning
329,belt,noun,3,Ambiguous,Form and Meaning
86,bench,noun,1,Unambiguous,
344,betrayal,noun,1,Unambiguous,
187,bible,noun,1,Unambiguous,
382,bid,noun / verb,3,Ambiguous,Form and Meaning
382,bid,verb,3,Ambiguous,Form and Meaning
382,bid,noun / verb,3,Ambiguous,Form and Meaning
162,bike,noun,1,Unambiguous,
543,bird,noun,1,Unambiguous,
391,birthday,noun,2,Ambiguous,Meaning
391,birthday,noun,2,Ambiguous,Meaning
1,blame,verb,4,Ambiguous,Form and Meaning
1,blame,verb,4,Ambiguous,Form and Meaning
1,blame,noun / verb,4,Ambiguous,Form and Meaning
1,blame,verb,4,Ambiguous,Form and Meaning
261,blanket,noun,1,Unambiguous,
80,blind,adjective,8,Ambiguous,Form and Meaning
80,blind,adjective,8,Ambiguous,Form and Meaning
80,blind,noun,8,Ambiguous,Form and Meaning
80,blind,adjective,8,Ambiguous,Form and Meaning
80,blind,adjective,8,Ambiguous,Form and Meaning
80,blind,adjective,8,Ambiguous,Form and Meaning
80,blind,adjective,8,Ambiguous,Form and Meaning
80,blind,noun,8,Ambiguous,Form and Meaning
230,block,verb,5,Ambiguous,Form and Meaning
230,block,verb,5,Ambiguous,Form and Meaning
230,block,noun,5,Ambiguous,Form and Meaning
230,block,noun,5,Ambiguous,Form and Meaning
230,block,noun / verb,5,Ambiguous,Form and Meaning
82,boat,noun,3,Ambiguous,Form
82,boat,noun,3,Ambiguous,Form
82,boat,noun,3,Ambiguous,Form
473,body,noun,2,Ambiguous,Form
473,body,noun,2,Ambiguous,Form
474,bold,adjective,7,Ambiguous,Form and Meaning
474,bold,adjective,7,Ambiguous,Form and Meaning
474,bold,adjective,7,Ambiguous,Form and Meaning
474,bold,adjective,7,Ambiguous,Form and Meaning
474,bold,adjective,7,Ambiguous,Form and Meaning
474,bold,adjective,7,Ambiguous,Form and Meaning
474,bold,adjective,7,Ambiguous,Form and Meaning
462,bone,noun,2,Ambiguous,Form
462,bone,noun,2,Ambiguous,Form
37,book,noun,2,Ambiguous,Form
37,book,noun,2,Ambiguous,Form
16,boot,noun,2,Ambiguous,Form
16,boot,noun,2,Ambiguous,Form
159,bosom,noun,1,Unambiguous,
273,bottle,noun,2,Ambiguous,Form
273,bottle,noun,2,Ambiguous,Form
385,box,noun,3,Ambiguous,Form
385,box,noun,3,Ambiguous,Form
385,box,noun,3,Ambiguous,Form
496,boy,noun,1,Unambiguous,
220,bread,noun,1,Unambiguous,
254,bride,noun,1,Unambiguous,
561,brother,noun,2,Ambiguous,Meaning
561,brother,noun,2,Ambiguous,Meaning
479,brow,noun,2,Ambiguous,Form
479,brow,noun,2,Ambiguous,Form
228,bull,noun,1,Unambiguous,
171,bullet,noun,1,Unambiguous,
562,butcher,noun,2,Ambiguous,Form
562,butcher,noun,2,Ambiguous,Form
75,butterfly,noun,2,Ambiguous,Form
75,butterfly,noun,2,Ambiguous,Form
123,cab,noun,2,Ambiguous,Form
123,cab,noun,2,Ambiguous,Form
409,cage,noun,2,Ambiguous,Form
409,cage,noun,2,Ambiguous,Form
272,calf,noun,2,Ambiguous,Meaning
272,calf,noun,2,Ambiguous,Meaning
158,candle,noun,2,Ambiguous,Form
158,candle,noun,2,Ambiguous,Form
188,captain,noun,2,Ambiguous,Meaning
188,captain,noun,2,Ambiguous,Meaning
3,car,noun,4,Ambiguous,Form
3,car,noun,4,Ambiguous,Form
3,car,noun,4,Ambiguous,Form
3,car,noun,4,Ambiguous,Form
157,care,verb,2,Ambiguous,Meaning
157,care,noun,2,Ambiguous,Meaning
117,carrot,noun,1,Unambiguous,
463,case,noun,6,Ambiguous,Form and Meaning
463,case,noun,6,Ambiguous,Form and Meaning
463,case,noun,6,Ambiguous,Form and Meaning
463,case,noun,6,Ambiguous,Form and Meaning
463,case,noun,6,Ambiguous,Form and Meaning
463,case,noun,6,Ambiguous,Form and Meaning
326,cat,noun,1,Unambiguous,
336,cause,verb,4,Ambiguous,Form and Meaning
336,cause,noun,4,Ambiguous,Form and Meaning
336,cause,verb,4,Ambiguous,Form and Meaning
336,cause,noun,4,Ambiguous,Form and Meaning
127,cave,noun,3,Ambiguous,Form
127,cave,noun,3,Ambiguous,Form
127,cave,noun,3,Ambiguous,Form
208,ceiling,noun,3,Ambiguous,Form and Meaning
208,ceiling,noun,3,Ambiguous,Form and Meaning
208,ceiling,noun,3,Ambiguous,Form and Meaning
196,century,noun,1,Unambiguous,
233,certainty,noun,3,Ambiguous,Form
233,certainty,noun,3,Ambiguous,Form
233,certainty,noun,3,Ambiguous,Form
267,chain,noun,2,Ambiguous,Form
267,chain,noun,2,Ambiguous,Form
8,chair,noun,1,Unambiguous,
524,chance,noun,1,Unambiguous,
549,change,noun / verb,4,Ambiguous,Form and Meaning
549,change,verb,4,Ambiguous,Form and Meaning
549,change,noun / verb,4,Ambiguous,Form and Meaning
549,change,verb,4,Ambiguous,Form and Meaning
44,cheek,noun,3,Ambiguous,Form
44,cheek,noun,3,Ambiguous,Form
44,cheek,noun,3,Ambiguous,Form
401,chest,noun,4,Ambiguous,Form
401,chest,noun,4,Ambiguous,Form
401,chest,noun,4,Ambiguous,Form
401,chest,noun,4,Ambiguous,Form
138,chin,noun,1,Unambiguous,
71,choice,noun,1,Unambiguous,
56,circle,noun / verb,4,Ambiguous,Form and Meaning
56,circle,noun,4,Ambiguous,Form and Meaning
56,circle,noun,4,Ambiguous,Form and Meaning
56,circle,noun,4,Ambiguous,Form and Meaning
186,climate,noun,3,Ambiguous,Form and Meaning
186,climate,noun,3,Ambiguous,Form and Meaning
186,climate,noun,3,Ambiguous,Form and Meaning
215,cloak,verb,3,Ambiguous,Form and Meaning
215,cloak,noun,3,Ambiguous,Form and Meaning
215,cloak,noun,3,Ambiguous,Form and Meaning
378,clock,noun,3,Ambiguous,Form
378,clock,noun,3,Ambiguous,Form
378,clock,noun,3,Ambiguous,Form
278,cloud,noun,1,Unambiguous,
346,coat,noun,2,Ambiguous,Form
346,coat,noun,2,Ambiguous,Form
219,coffee,noun,1,Unambiguous,
331,coin,noun,2,Ambiguous,Meaning
331,coin,noun,2,Ambiguous,Meaning
48,colour,noun,2,Ambiguous,Form
48,colour,noun,2,Ambiguous,Form
78,complaint,noun,1,Unambiguous,
516,confession,noun,5,Ambiguous,Form and Meaning
516,confession,noun,5,Ambiguous,Form and Meaning
516,confession,noun,5,Ambiguous,Form and Meaning
516,confession,noun,5,Ambiguous,Form and Meaning
516,confession,noun,5,Ambiguous,Form and Meaning
84,conscience,noun,2,Ambiguous,Form
84,conscience,noun,2,Ambiguous,Form
183,contents,noun,3,Ambiguous,Meaning
183,contents,noun,3,Ambiguous,Meaning
183,contents,noun,3,Ambiguous,Meaning
282,corn,noun,1,Unambiguous,
306,cotton,noun,2,Ambiguous,Form
306,cotton,noun,2,Ambiguous,Form
164,country,noun,2,Ambiguous,Form
164,country,noun,2,Ambiguous,Form
92,cow,noun,2,Ambiguous,Form
92,cow,noun,2,Ambiguous,Form
410,coward,noun,3,Ambiguous,Form
410,coward,noun,3,Ambiguous,Form
410,coward,noun,3,Ambiguous,Form
14,creation,noun,3,Ambiguous,Form and Meaning
14,creation,noun,3,Ambiguous,Form and Meaning
14,creation,noun,3,Ambiguous,Form and Meaning
88,crime,noun,3,Ambiguous,Form
88,crime,noun,3,Ambiguous,Form
88,crime,noun,3,Ambiguous,Form
222,criticism,noun,3,Ambiguous,Meaning
222,criticism,noun,3,Ambiguous,Meaning
222,criticism,noun,3,Ambiguous,Meaning
249,crowd,noun,2,Ambiguous,Meaning
249,crowd,noun,2,Ambiguous,Meaning
469,crown,noun,2,Ambiguous,Form
469,crown,noun,2,Ambiguous,Form
453,crude,adjective,3,Ambiguous,Form and Meaning
453,crude,adjective,3,Ambiguous,Form and Meaning
453,crude,adjective,3,Ambiguous,Form and Meaning
19,cruel,adjective,6,Ambiguous,Form and Meaning
19,cruel,adjective,6,Ambiguous,Form and Meaning
19,cruel,adjective,6,Ambiguous,Form and Meaning
19,cruel,adjective,6,Ambiguous,Form and Meaning
19,cruel,adjective,6,Ambiguous,Form and Meaning
19,cruel,adjective,6,Ambiguous,Form and Meaning
304,cruelty,noun,2,Ambiguous,Form
304,cruelty,noun,2,Ambiguous,Form
511,culture,noun,1,Unambiguous,
525,current,adjective,3,Ambiguous,Form and Meaning
525,current,noun,3,Ambiguous,Form and Meaning
525,current,adjective,3,Ambiguous,Form and Meaning
323,curse,verb,4,Ambiguous,Form and Meaning
323,curse,noun / verb,4,Ambiguous,Form and Meaning
323,curse,noun,4,Ambiguous,Form and Meaning
323,curse,verb,4,Ambiguous,Form and Meaning
21,cycle,noun,6,Ambiguous,Form and Meaning
21,cycle,noun,6,Ambiguous,Form and Meaning
21,cycle,noun,6,Ambiguous,Form and Meaning
21,cycle,noun,6,Ambiguous,Form and Meaning
21,cycle,noun,6,Ambiguous,Form and Meaning
21,cycle,noun,6,Ambiguous,Form and Meaning
442,dance,noun / verb,3,Ambiguous,Form and Meaning
442,dance,noun / verb,3,Ambiguous,Form and Meaning
442,dance,noun,3,Ambiguous,Form and Meaning
130,danger,noun,1,Unambiguous,
521,date,noun,2,Ambiguous,Meaning
521,date,noun,2,Ambiguous,Meaning
213,daughter,noun,1,Unambiguous,
400,dawn,noun,3,Ambiguous,Form and Meaning
400,dawn,noun,3,Ambiguous,Form and Meaning
400,dawn,noun,3,Ambiguous,Form and Meaning
234,day,noun,5,Ambiguous,Form and Meaning
234,day,noun,5,Ambiguous,Form and Meaning
234,day,noun,5,Ambiguous,Form and Meaning
234,day,noun,5,Ambiguous,Form and Meaning
234,day,noun,5,Ambiguous,Form and Meaning
253,decision,noun,1,Unambiguous,
398,deed,noun,2,Ambiguous,Meaning
398,deed,noun,2,Ambiguous,Meaning
243,defeat,noun,4,Ambiguous,Form and Meaning
243,defeat,verb,4,Ambiguous,Form and Meaning
243,defeat,noun / verb,4,Ambiguous,Form and Meaning
243,defeat,noun,4,Ambiguous,Form and Meaning
105,delay,noun / verb,4,Ambiguous,Form and Meaning
105,delay,intransitive verb,4,Ambiguous,Form and Meaning
105,delay,noun,4,Ambiguous,Form and Meaning
105,delay,noun / verb,4,Ambiguous,Form and Meaning
245,demand,verb,3,Ambiguous,Meaning
245,demand,noun,3,Ambiguous,Meaning
245,demand,noun / verb,3,Ambiguous,Meaning
520,descent,noun,2,Ambiguous,Meaning
520,descent,noun,2,Ambiguous,Meaning
481,description,noun,1,Unambiguous,
143,desk,noun,3,Ambiguous,Form
143,desk,noun,3,Ambiguous,Form
143,desk,noun,3,Ambiguous,Form
519,despair,noun,2,Ambiguous,Meaning
519,despair,noun / verb,2,Ambiguous,Meaning
448,difference,noun,2,Ambiguous,Form
448,difference,noun,2,Ambiguous,Form
297,direction,noun,1,Unambiguous,
303,dirt,noun,4,Ambiguous,Form and Meaning
303,dirt,noun,4,Ambiguous,Form and Meaning
303,dirt,noun,4,Ambiguous,Form and Meaning
303,dirt,noun,4,Ambiguous,Form and Meaning
89,disadvantage,noun,4,Ambiguous,Form and Meaning
89,disadvantage,verb,4,Ambiguous,Form and Meaning
89,disadvantage,noun,4,Ambiguous,Form and Meaning
89,disadvantage,noun,4,Ambiguous,Form and Meaning
547,discovery,noun,1,Unambiguous,
255,dislike,noun / verb,2,Ambiguous,Form
255,dislike,noun / verb,2,Ambiguous,Form
392,distance,noun,1,Unambiguous,
25,doctor,noun,1,Unambiguous,
364,dog,noun,1,Unambiguous,
87,doll,noun,4,Ambiguous,Form
87,doll,noun,4,Ambiguous,Form
87,doll,noun,4,Ambiguous,Form
87,doll,noun,4,Ambiguous,Form
24,domain,noun,2,Ambiguous,Form
24,domain,noun,2,Ambiguous,Form
216,dove,noun,2,Ambiguous,Form
216,dove,noun,2,Ambiguous,Form
322,dress,verb,3,Ambiguous,Meaning
322,dress,noun,3,Ambiguous,Meaning
322,dress,noun,3,Ambiguous,Meaning
350,duck,noun,2,Ambiguous,Form
350,duck,noun,2,Ambiguous,Form
320,duke,noun,1,Unambiguous,
419,dull,adjective,10,Ambiguous,Form and Meaning
419,dull,adjective,10,Ambiguous,Form and Meaning
419,dull,adjective,10,Ambiguous,Form and Meaning
419,dull,adjective,10,Ambiguous,Form and Meaning
419,dull,adjective,10,Ambiguous,Form and Meaning
419,dull,adjective,10,Ambiguous,Form and Meaning
419,dull,adjective,10,Ambiguous,Form and Meaning
419,dull,adjective,10,Ambiguous,Form and Meaning
419,dull,adjective,10,Ambiguous,Form and Meaning
419,dull,adjective,10,Ambiguous,Form and Meaning
450,dust,noun,6,Ambiguous,Form and Meaning
450,dust,noun,6,Ambiguous,Form and Meaning
450,dust,noun,6,Ambiguous,Form and Meaning
450,dust,noun,6,Ambiguous,Form and Meaning
450,dust,noun,6,Ambiguous,Form and Meaning
450,dust,noun,6,Ambiguous,Form and Meaning
476,duty,noun,5,Ambiguous,Form and Meaning
476,duty,noun,5,Ambiguous,Form and Meaning
476,duty,noun,5,Ambiguous,Form and Meaning
476,duty,noun,5,Ambiguous,Form and Meaning
476,duty,noun,5,Ambiguous,Form and Meaning
180,eagle,noun,2,Ambiguous,Meaning
180,eagle,noun,2,Ambiguous,Meaning
313,ear,noun,2,Ambiguous,Form
313,ear,noun,2,Ambiguous,Form
349,earth,noun,1,Unambiguous,
552,ease,verb,5,Ambiguous,Form and Meaning
552,ease,verb,5,Ambiguous,Form and Meaning
552,ease,verb,5,Ambiguous,Form and Meaning
552,ease,verb,5,Ambiguous,Form and Meaning
552,ease,noun,5,Ambiguous,Form and Meaning
404,education,noun,2,Ambiguous,Meaning
404,education,noun,2,Ambiguous,Meaning
18,elbow,noun,3,Ambiguous,Form
18,elbow,noun,3,Ambiguous,Form
18,elbow,noun,3,Ambiguous,Form
221,end,noun / verb,5,Ambiguous,Form and Meaning
221,end,noun,5,Ambiguous,Form and Meaning
221,end,noun,5,Ambiguous,Form and Meaning
221,end,verb,5,Ambiguous,Form and Meaning
221,end,noun,5,Ambiguous,Form and Meaning
28,enemy,noun,1,Unambiguous,
422,entry,noun,5,Ambiguous,Form and Meaning
422,entry,noun,5,Ambiguous,Form and Meaning
422,entry,noun,5,Ambiguous,Form and Meaning
422,entry,noun,5,Ambiguous,Form and Meaning
422,entry,noun,5,Ambiguous,Form and Meaning
156,estimation,noun,4,Ambiguous,Meaning
156,estimation,noun,4,Ambiguous,Meaning
156,estimation,noun,4,Ambiguous,Meaning
156,estimation,noun,4,Ambiguous,Meaning
199,event,noun,1,Unambiguous,
54,example,noun,1,Unambiguous,
119,exchange,noun,2,Ambiguous,Meaning
119,exchange,noun / verb,2,Ambiguous,Meaning
470,experience,noun / verb,2,Ambiguous,Meaning
470,experience,noun,2,Ambiguous,Meaning
551,eye,noun,2,Ambiguous,Form
551,eye,noun,2,Ambiguous,Form
302,face,noun,1,Unambiguous,
169,failure,noun,1,Unambiguous,
508,fair,adjective,3,Ambiguous,Form
508,fair,adjective,3,Ambiguous,Form
508,fair,adjective,3,Ambiguous,Form
459,faith,noun,5,Ambiguous,Form and Meaning
459,faith,noun,5,Ambiguous,Form and Meaning
459,faith,noun,5,Ambiguous,Form and Meaning
459,faith,noun,5,Ambiguous,Form and Meaning
459,faith,noun,5,Ambiguous,Form and Meaning
396,fame,noun,2,Ambiguous,Form
396,fame,noun,2,Ambiguous,Form
227,farm,noun,1,Unambiguous,
455,farmer,noun,2,Ambiguous,Form
455,farmer,noun,2,Ambiguous,Form
106,fashion,noun,1,Unambiguous,
129,fate,noun,2,Ambiguous,Form
129,fate,noun,2,Ambiguous,Form
387,father,noun,3,Ambiguous,Form
387,father,noun,3,Ambiguous,Form
387,father,noun,3,Ambiguous,Form
403,favour,noun,2,Ambiguous,Meaning
403,favour,noun,2,Ambiguous,Meaning
339,feeling,noun,3,Ambiguous,Meaning
339,feeling,noun,3,Ambiguous,Meaning
339,feeling,noun,3,Ambiguous,Meaning
374,fever,noun,1,Unambiguous,
482,field,noun,4,Ambiguous,Form and Meaning
482,field,noun,4,Ambiguous,Form and Meaning
482,field,noun,4,Ambiguous,Form and Meaning
482,field,noun,4,Ambiguous,Form and Meaning
296,figure,noun,4,Ambiguous,Form and Meaning
296,figure,noun,4,Ambiguous,Form and Meaning
296,figure,noun,4,Ambiguous,Form and Meaning
296,figure,noun,4,Ambiguous,Form and Meaning
58,finger,noun,1,Unambiguous,
425,fire,noun,1,Unambiguous,
231,fist,noun,1,Unambiguous,
411,flame,noun,1,Unambiguous,
347,flaw,noun,5,Ambiguous,Form and Meaning
347,flaw,noun,5,Ambiguous,Form and Meaning
347,flaw,noun,5,Ambiguous,Form and Meaning
347,flaw,noun,5,Ambiguous,Form and Meaning
347,flaw,noun,5,Ambiguous,Form and Meaning
451,flea,noun,1,Unambiguous,
454,flood,noun,1,Unambiguous,
509,flower,noun,2,Ambiguous,Form
509,flower,noun,2,Ambiguous,Form
136,flu,noun,1,Unambiguous,
324,fly,noun,3,Ambiguous,Meaning
324,fly,verb,3,Ambiguous,Meaning
324,fly,verb,3,Ambiguous,Meaning
60,fog,noun,1,Unambiguous,
446,foot,noun,2,Ambiguous,Meaning
446,foot,noun,2,Ambiguous,Meaning
39,forest,noun,1,Unambiguous,
405,form,noun,7,Ambiguous,Form and Meaning
405,form,noun,7,Ambiguous,Form and Meaning
405,form,noun,7,Ambiguous,Form and Meaning
405,form,verb,7,Ambiguous,Form and Meaning
405,form,noun,7,Ambiguous,Form and Meaning
405,form,noun,7,Ambiguous,Form and Meaning
405,form,verb,7,Ambiguous,Form and Meaning
500,fox,noun,2,Ambiguous,Form
500,fox,noun,2,Ambiguous,Form
36,friend,noun,1,Unambiguous,
51,frog,noun,2,Ambiguous,Form
51,frog,noun,2,Ambiguous,Form
394,fruit,noun,1,Unambiguous,
499,funeral,noun,2,Ambiguous,Form
499,funeral,noun,2,Ambiguous,Form
539,funny,adjective,7,Ambiguous,Form
539,funny,adjective,7,Ambiguous,Form
539,funny,adjective,7,Ambiguous,Form
539,funny,adjective,7,Ambiguous,Form
539,funny,adjective,7,Ambiguous,Form
539,funny,adjective,7,Ambiguous,Form
539,funny,adjective,7,Ambiguous,Form
128,fur,noun,3,Ambiguous,Form and Meaning
128,fur,noun,3,Ambiguous,Form and Meaning
128,fur,noun,3,Ambiguous,Form and Meaning
50,future,noun,2,Ambiguous,Meaning
50,future,adjective,2,Ambiguous,Meaning
152,gap,noun,5,Ambiguous,Form and Meaning
152,gap,noun,5,Ambiguous,Form and Meaning
152,gap,noun,5,Ambiguous,Form and Meaning
152,gap,noun,5,Ambiguous,Form and Meaning
152,gap,noun,5,Ambiguous,Form and Meaning
301,garden,noun,2,Ambiguous,Form
301,garden,noun,2,Ambiguous,Form
250,garlic,noun,2,Ambiguous,Form
250,garlic,noun,2,Ambiguous,Form
377,gas,noun,4,Ambiguous,Form and Meaning
377,gas,noun,4,Ambiguous,Form and Meaning
377,gas,noun,4,Ambiguous,Form and Meaning
377,gas,noun,4,Ambiguous,Form and Meaning
170,gentleman,noun,1,Unambiguous,
356,giant,adjective,3,Ambiguous,Form and Meaning
356,giant,adjective,3,Ambiguous,Form and Meaning
356,giant,noun,3,Ambiguous,Form and Meaning
193,gift,noun,2,Ambiguous,Meaning
193,gift,noun,2,Ambiguous,Meaning
246,girl,noun,1,Unambiguous,
270,glove,noun,1,Unambiguous,
67,gold,noun,5,Ambiguous,Form and Meaning
67,gold,noun,5,Ambiguous,Form and Meaning
67,gold,adjective,5,Ambiguous,Form and Meaning
67,gold,noun,5,Ambiguous,Form and Meaning
67,gold,noun,5,Ambiguous,Form and Meaning
12,grape,noun,1,Unambiguous,
429,grief,noun,1,Unambiguous,
444,ground,noun,3,Ambiguous,Meaning
444,ground,noun,3,Ambiguous,Meaning
444,ground,noun,3,Ambiguous,Meaning
553,grudge,noun,1,Unambiguous,
461,guilt,noun,2,Ambiguous,Form
461,guilt,noun,2,Ambiguous,Form
423,guitar,noun,1,Unambiguous,
328,gun,noun,1,Unambiguous,
83,hair,noun,1,Unambiguous,
515,hand,noun,1,Unambiguous,
132,hat,noun,1,Unambiguous,
486,head,noun,1,Unambiguous,
269,health,noun,1,Unambiguous,
30,heart,noun,2,Ambiguous,Form
30,heart,noun,2,Ambiguous,Form
236,heat,verb,2,Ambiguous,Meaning
236,heat,noun,2,Ambiguous,Meaning
335,height,noun,3,Ambiguous,Form and Meaning
335,height,noun,3,Ambiguous,Form and Meaning
335,height,noun,3,Ambiguous,Form and Meaning
317,hell,noun,1,Unambiguous,
251,herb,noun,2,Ambiguous,Form
251,herb,noun,2,Ambiguous,Form
27,hero,noun,1,Unambiguous,
518,holy,adjective,5,Ambiguous,Form and Meaning
518,holy,adjective,5,Ambiguous,Form and Meaning
518,holy,adjective,5,Ambiguous,Form and Meaning
518,holy,adjective,5,Ambiguous,Form and Meaning
518,holy,adjective,5,Ambiguous,Form and Meaning
99,honesty,noun,1,Unambiguous,
504,honey,noun,6,Ambiguous,Form and Meaning
504,honey,noun,6,Ambiguous,Form and Meaning
504,honey,noun,6,Ambiguous,Form and Meaning
504,honey,noun,6,Ambiguous,Form and Meaning
504,honey,noun,6,Ambiguous,Form and Meaning
504,honey,noun,6,Ambiguous,Form and Meaning
167,horse,noun,1,Unambiguous,
408,hospital,noun,1,Unambiguous,
487,house,noun,2,Ambiguous,Form
487,house,noun,2,Ambiguous,Form
514,huge,adjective,3,Ambiguous,Form
514,huge,adjective,3,Ambiguous,Form
514,huge,adjective,3,Ambiguous,Form
165,impression,noun,1,Unambiguous,
76,influence,noun / verb,1,Unambiguous,
488,information,noun,2,Ambiguous,Form
488,information,noun,2,Ambiguous,Form
559,inhabitant,noun,1,Unambiguous,
121,inheritance,noun,3,Ambiguous,Meaning
121,inheritance,noun,3,Ambiguous,Meaning
121,inheritance,verb,3,Ambiguous,Meaning
184,ink,noun,3,Ambiguous,Form and Meaning
184,ink,noun,3,Ambiguous,Form and Meaning
184,ink,noun,3,Ambiguous,Form and Meaning
207,innocence,noun,2,Ambiguous,Meaning
207,innocence,noun,2,Ambiguous,Meaning
300,insect,noun,3,Ambiguous,Form
300,insect,noun,3,Ambiguous,Form
300,insect,noun,3,Ambiguous,Form
281,insight,noun,2,Ambiguous,Meaning
281,insight,noun,2,Ambiguous,Meaning
102,interest,noun,2,Ambiguous,Meaning
102,interest,noun,2,Ambiguous,Meaning
189,iron,noun,2,Ambiguous,Meaning
189,iron,adjective,2,Ambiguous,Meaning
371,jail,noun,2,Ambiguous,Form
371,jail,noun,2,Ambiguous,Form
198,jar,noun,5,Ambiguous,Form and Meaning
198,jar,noun,5,Ambiguous,Form and Meaning
198,jar,noun,5,Ambiguous,Form and Meaning
198,jar,noun,5,Ambiguous,Form and Meaning
198,jar,noun,5,Ambiguous,Form and Meaning
209,jaw,noun,2,Ambiguous,Form
209,jaw,noun,2,Ambiguous,Form
108,joke,noun,2,Ambiguous,Meaning
108,joke,noun,2,Ambiguous,Meaning
181,joy,noun,7,Ambiguous,Form and Meaning
181,joy,noun,7,Ambiguous,Form and Meaning
181,joy,noun,7,Ambiguous,Form and Meaning
181,joy,noun,7,Ambiguous,Form and Meaning
181,joy,noun,7,Ambiguous,Form and Meaning
181,joy,noun,7,Ambiguous,Form and Meaning
181,joy,noun,7,Ambiguous,Form and Meaning
330,juice,noun,2,Ambiguous,Meaning
330,juice,noun,2,Ambiguous,Meaning
380,king,noun,3,Ambiguous,Form and Meaning
380,king,noun,3,Ambiguous,Form and Meaning
380,king,noun,3,Ambiguous,Form and Meaning
100,kitchen,noun,2,Ambiguous,Meaning
100,kitchen,adjective,2,Ambiguous,Meaning
295,knife,noun,3,Ambiguous,Form and Meaning
295,knife,noun,3,Ambiguous,Form and Meaning
295,knife,noun,3,Ambiguous,Form and Meaning
57,knight,noun,1,Unambiguous,
26,lady,noun,2,Ambiguous,Form
26,lady,noun,2,Ambiguous,Form
212,lamb,noun,3,Ambiguous,Form and Meaning
212,lamb,noun,3,Ambiguous,Form and Meaning
212,lamb,noun,3,Ambiguous,Form and Meaning
309,language,noun,1,Unambiguous,
532,law,noun,3,Ambiguous,Meaning
532,law,noun,3,Ambiguous,Meaning
532,law,noun,3,Ambiguous,Meaning
264,lawn,noun,3,Ambiguous,Form
264,lawn,noun,3,Ambiguous,Form
264,lawn,noun,3,Ambiguous,Form
116,leader,noun,4,Ambiguous,Form
116,leader,noun,4,Ambiguous,Form
116,leader,noun,4,Ambiguous,Form
116,leader,noun,4,Ambiguous,Form
202,leg,noun,1,Unambiguous,
294,lemon,noun,1,Unambiguous,
390,lens,noun,4,Ambiguous,Form and Meaning
390,lens,noun,4,Ambiguous,Form and Meaning
390,lens,noun,4,Ambiguous,Form and Meaning
390,lens,noun,4,Ambiguous,Form and Meaning
298,lesson,noun,1,Unambiguous,
160,lie,noun,5,Ambiguous,Form and Meaning
160,lie,noun,5,Ambiguous,Form and Meaning
160,lie,verb,5,Ambiguous,Form and Meaning
160,lie,verb,5,Ambiguous,Form and Meaning
160,lie,verb,5,Ambiguous,Form and Meaning
365,lightning,noun,2,Ambiguous,Form
365,lightning,noun,2,Ambiguous,Form
351,lion,noun,2,Ambiguous,Form
351,lion,noun,2,Ambiguous,Form
471,loan,noun,1,Unambiguous,
363,luck,noun,3,Ambiguous,Form and Meaning
363,luck,noun,3,Ambiguous,Form and Meaning
363,luck,noun,3,Ambiguous,Form and Meaning
11,maid,noun,4,Ambiguous,Form
11,maid,noun,4,Ambiguous,Form
11,maid,noun,4,Ambiguous,Form
11,maid,noun,4,Ambiguous,Form
466,mail,noun / verb,2,Ambiguous,Meaning
466,mail,noun,2,Ambiguous,Meaning
150,majority,noun,4,Ambiguous,Form and Meaning
150,majority,adjective,4,Ambiguous,Form and Meaning
150,majority,noun,4,Ambiguous,Form and Meaning
150,majority,noun,4,Ambiguous,Form and Meaning
237,manner,noun,3,Ambiguous,Form and Meaning
237,manner,noun,3,Ambiguous,Form and Meaning
237,manner,noun,3,Ambiguous,Form and Meaning
393,map,noun,1,Unambiguous,
355,mask,noun,2,Ambiguous,Meaning
355,mask,noun,2,Ambiguous,Meaning
421,master,noun,4,Ambiguous,Meaning
421,master,noun,4,Ambiguous,Meaning
421,master,adjective,4,Ambiguous,Meaning
421,master,noun,4,Ambiguous,Meaning
360,meaning,noun,2,Ambiguous,Meaning
360,meaning,noun,2,Ambiguous,Meaning
147,meat,noun,1,Unambiguous,
535,medal,noun,1,Unambiguous,
154,meeting,noun,4,Ambiguous,Form and Meaning
154,meeting,noun,4,Ambiguous,Form and Meaning
154,meeting,noun,4,Ambiguous,Form and Meaning
154,meeting,noun,4,Ambiguous,Form and Meaning
137,memory,noun,3,Ambiguous,Form
137,memory,noun,3,Ambiguous,Form
137,memory,noun,3,Ambiguous,Form
241,mercy,verb,2,Ambiguous,Meaning
241,mercy,noun,2,Ambiguous,Meaning
503,message,noun,3,Ambiguous,Form and Meaning
503,message,noun,3,Ambiguous,Form and Meaning
503,message,noun,3,Ambiguous,Form and Meaning
512,metal,noun,1,Unambiguous,
540,method,noun,2,Ambiguous,Form
540,method,noun,2,Ambiguous,Form
229,middle,noun,3,Ambiguous,Form and Meaning
229,middle,noun,3,Ambiguous,Form and Meaning
229,middle,adjective,3,Ambiguous,Form and Meaning
91,mile,noun,1,Unambiguous,
523,mill,noun,2,Ambiguous,Form
523,mill,noun,2,Ambiguous,Form
399,mirror,noun,1,Unambiguous,
492,mode,noun,2,Ambiguous,Meaning
492,mode,noun,2,Ambiguous,Meaning
412,money,noun,2,Ambiguous,Form
412,money,noun,2,Ambiguous,Form
41,monk,noun,2,Ambiguous,Form
41,monk,noun,2,Ambiguous,Form
275,monkey,noun,2,Ambiguous,Form
275,monkey,noun,2,Ambiguous,Form
354,moon,noun,3,Ambiguous,Form
354,moon,noun,3,Ambiguous,Form
354,moon,noun,3,Ambiguous,Form
210,mother,noun,3,Ambiguous,Form
210,mother,noun,3,Ambiguous,Form
210,mother,noun,3,Ambiguous,Form
194,motive,noun,1,Unambiguous,
435,mountain,noun,1,Unambiguous,
185,mouse,noun,2,Ambiguous,Form
185,mouse,noun,2,Ambiguous,Form
140,moustache,noun,3,Ambiguous,Form
140,moustache,noun,3,Ambiguous,Form
140,moustache,noun,3,Ambiguous,Form
85,mouth,noun,3,Ambiguous,Form and Meaning
85,mouth,noun,3,Ambiguous,Form and Meaning
85,mouth,noun,3,Ambiguous,Form and Meaning
13,movie,noun,1,Unambiguous,
179,mud,noun,4,Ambiguous,Form and Meaning
179,mud,noun,4,Ambiguous,Form and Meaning
179,mud,noun,4,Ambiguous,Form and Meaning
179,mud,noun,4,Ambiguous,Form and Meaning
484,mule,noun,2,Ambiguous,Form
484,mule,noun,2,Ambiguous,Form
192,murderer,noun,5,Ambiguous,Form
192,murderer,noun,5,Ambiguous,Form
192,murderer,noun,5,Ambiguous,Form
192,murderer,noun,5,Ambiguous,Form
192,murderer,noun,5,Ambiguous,Form
259,music,noun,1,Unambiguous,
252,name,noun,1,Unambiguous,
531,nature,noun,1,Unambiguous,
262,necessity,adverb,6,Ambiguous,Form and Meaning
262,necessity,noun,6,Ambiguous,Form and Meaning
262,necessity,noun,6,Ambiguous,Form and Meaning
262,necessity,noun,6,Ambiguous,Form and Meaning
262,necessity,noun,6,Ambiguous,Form and Meaning
262,necessity,noun,6,Ambiguous,Form and Meaning
135,neck,noun,1,Unambiguous,
64,needle,noun,1,Unambiguous,
372,negro,noun,1,Unambiguous,
293,newspaper,noun,1,Unambiguous,
289,nice,adjective,3,Ambiguous,Form
289,nice,adjective,3,Ambiguous,Form
289,nice,adjective,3,Ambiguous,Form
341,night,noun,4,Ambiguous,Form
341,night,noun,4,Ambiguous,Form
341,night,noun,4,Ambiguous,Form
341,night,noun,4,Ambiguous,Form
431,noble,adjective,5,Ambiguous,Form and Meaning
431,noble,adjective,5,Ambiguous,Form and Meaning
431,noble,adjective,5,Ambiguous,Form and Meaning
431,noble,adjective,5,Ambiguous,Form and Meaning
431,noble,adjective,5,Ambiguous,Form and Meaning
537,noise,noun,2,Ambiguous,Meaning
537,noise,noun,2,Ambiguous,Meaning
494,nonsense,noun,4,Ambiguous,Form and Meaning
494,nonsense,noun,4,Ambiguous,Form and Meaning
494,nonsense,noun,4,Ambiguous,Form and Meaning
494,nonsense,verb,4,Ambiguous,Form and Meaning
124,nose,noun,2,Ambiguous,Form
124,nose,noun,2,Ambiguous,Form
343,nurse,verb,2,Ambiguous,Meaning
343,nurse,noun,2,Ambiguous,Meaning
176,oat,noun,1,Unambiguous,
45,oath,noun,2,Ambiguous,Form
45,oath,noun,2,Ambiguous,Form
214,odd,adjective,6,Ambiguous,Form and Meaning
214,odd,noun,6,Ambiguous,Form and Meaning
214,odd,adjective,6,Ambiguous,Form and Meaning
214,odd,adjective,6,Ambiguous,Form and Meaning
214,odd,adjective,6,Ambiguous,Form and Meaning
214,odd,adjective,6,Ambiguous,Form and Meaning
502,office,noun,1,Unambiguous,
475,opinion,noun,4,Ambiguous,Form and Meaning
475,opinion,noun,4,Ambiguous,Form and Meaning
475,opinion,noun,4,Ambiguous,Form and Meaning
475,opinion,noun,4,Ambiguous,Form and Meaning
217,opportunity,noun,1,Unambiguous,
55,order,noun,7,Ambiguous,Form and Meaning
55,order,verb,7,Ambiguous,Form and Meaning
55,order,noun,7,Ambiguous,Form and Meaning
55,order,noun / verb,7,Ambiguous,Form and Meaning
55,order,noun,7,Ambiguous,Form and Meaning
55,order,noun / verb,7,Ambiguous,Form and Meaning
55,order,noun,7,Ambiguous,Form and Meaning
443,owner,noun,3,Ambiguous,Form
443,owner,noun,3,Ambiguous,Form
443,owner,noun,3,Ambiguous,Form
244,paint,verb,3,Ambiguous,Form and Meaning
244,paint,verb,3,Ambiguous,Form and Meaning
244,paint,noun,3,Ambiguous,Form and Meaning
368,pair,noun,5,Ambiguous,Form and Meaning
368,pair,noun / verb,5,Ambiguous,Form and Meaning
368,pair,noun,5,Ambiguous,Form and Meaning
368,pair,noun,5,Ambiguous,Form and Meaning
368,pair,noun,5,Ambiguous,Form and Meaning
373,panic,noun,2,Ambiguous,Form
373,panic,noun,2,Ambiguous,Form
173,pants,noun,4,Ambiguous,Form and Meaning
173,pants,noun,4,Ambiguous,Form and Meaning
173,pants,noun,4,Ambiguous,Form and Meaning
173,pants,noun,4,Ambiguous,Form and Meaning
68,part,noun,1,Unambiguous,
432,passion,noun,2,Ambiguous,Form
432,passion,noun,2,Ambiguous,Form
238,patience,noun,1,Unambiguous,
449,peace,noun,1,Unambiguous,
497,peach,noun,2,Ambiguous,Form
497,peach,noun,2,Ambiguous,Form
352,pear,noun,2,Ambiguous,Form
352,pear,noun,2,Ambiguous,Form
218,pearl,noun,1,Unambiguous,
271,pen,noun,1,Unambiguous,
205,pencil,noun,2,Ambiguous,Form
205,pencil,noun,2,Ambiguous,Form
33,people,noun,4,Ambiguous,Form and Meaning
33,people,noun,4,Ambiguous,Form and Meaning
33,people,noun,4,Ambiguous,Form and Meaning
33,people,noun,4,Ambiguous,Form and Meaning
528,pepper,noun,1,Unambiguous,
348,pie,noun,2,Ambiguous,Meaning
348,pie,noun,2,Ambiguous,Meaning
6,piece,noun,4,Ambiguous,Meaning
6,piece,noun,4,Ambiguous,Meaning
6,piece,noun,4,Ambiguous,Meaning
6,piece,noun,4,Ambiguous,Meaning
69,pig,noun,1,Unambiguous,
201,pigeon,noun,1,Unambiguous,
144,pile,noun,1,Unambiguous,
389,pillow,noun,1,Unambiguous,
357,pin,noun,2,Ambiguous,Meaning
357,pin,noun,2,Ambiguous,Meaning
59,pine,noun,2,Ambiguous,Form
59,pine,noun,2,Ambiguous,Form
548,pipe,noun,3,Ambiguous,Form and Meaning
548,pipe,noun,3,Ambiguous,Form and Meaning
548,pipe,noun,3,Ambiguous,Form and Meaning
541,pirate,noun,1,Unambiguous,
325,pity,verb,2,Ambiguous,Meaning
325,pity,noun,2,Ambiguous,Meaning
375,plan,noun / verb,1,Unambiguous,
122,pole,noun,2,Ambiguous,Meaning
122,pole,noun,2,Ambiguous,Meaning
178,police,noun,1,Unambiguous,
103,pope,noun,1,Unambiguous,
145,possession,noun,4,Ambiguous,Form and Meaning
145,possession,noun,4,Ambiguous,Form and Meaning
145,possession,noun,4,Ambiguous,Form and Meaning
145,possession,noun,4,Ambiguous,Form and Meaning
493,possibility,noun,2,Ambiguous,Form
493,possibility,noun,2,Ambiguous,Form
477,potato,noun,1,Unambiguous,
4,pound,noun,2,Ambiguous,Meaning
4,pound,noun,2,Ambiguous,Meaning
74,power,noun,2,Ambiguous,Form
74,power,noun,2,Ambiguous,Form
527,pox,noun,1,Unambiguous,
440,price,noun,3,Ambiguous,Form and Meaning
440,price,noun,3,Ambiguous,Form and Meaning
440,price,noun,3,Ambiguous,Form and Meaning
501,pride,noun,1,Unambiguous,
172,prince,noun,1,Unambiguous,
436,principle,noun,2,Ambiguous,Meaning
436,principle,noun,2,Ambiguous,Meaning
151,progress,noun,4,Ambiguous,Form and Meaning
151,progress,noun / verb,4,Ambiguous,Form and Meaning
151,progress,noun,4,Ambiguous,Form and Meaning
151,progress,noun / verb,4,Ambiguous,Form and Meaning
120,promise,verb,5,Ambiguous,Form and Meaning
120,promise,noun / verb,5,Ambiguous,Form and Meaning
120,promise,verb,5,Ambiguous,Form and Meaning
120,promise,verb,5,Ambiguous,Form and Meaning
120,promise,verb,5,Ambiguous,Form and Meaning
383,proof,noun,3,Ambiguous,Meaning
383,proof,noun,3,Ambiguous,Meaning
383,proof,noun,3,Ambiguous,Meaning
490,proposal,noun / verb,5,Ambiguous,Meaning
490,proposal,noun,5,Ambiguous,Meaning
490,proposal,noun,5,Ambiguous,Meaning
490,proposal,noun,5,Ambiguous,Meaning
490,proposal,noun,5,Ambiguous,Meaning
131,protection,noun,2,Ambiguous,Meaning
131,protection,noun,2,Ambiguous,Meaning
146,public,adjective,6,Ambiguous,Form and Meaning
146,public,adjective,6,Ambiguous,Form and Meaning
146,public,adjective,6,Ambiguous,Form and Meaning
146,public,adjective,6,Ambiguous,Form and Meaning
146,public,noun,6,Ambiguous,Form and Meaning
146,public,adjective,6,Ambiguous,Form and Meaning
52,quality,noun,2,Ambiguous,Meaning
52,quality,noun,2,Ambiguous,Meaning
424,quarrel,noun / verb,4,Ambiguous,Form
424,quarrel,noun / verb,4,Ambiguous,Form
424,quarrel,noun,4,Ambiguous,Form
424,quarrel,noun / verb,4,Ambiguous,Form
73,queen,noun,4,Ambiguous,Form
73,queen,noun,4,Ambiguous,Form
73,queen,noun,4,Ambiguous,Form
73,queen,noun,4,Ambiguous,Form
460,question,noun,1,Unambiguous,
115,rabbit,noun,2,Ambiguous,Form
115,rabbit,noun,2,Ambiguous,Form
533,rail,noun,4,Ambiguous,Meaning
533,rail,noun,4,Ambiguous,Meaning
533,rail,noun,4,Ambiguous,Meaning
533,rail,verb,4,Ambiguous,Meaning
155,rain,verb,2,Ambiguous,Meaning
155,rain,noun,2,Ambiguous,Meaning
141,raw,adjective,3,Ambiguous,Form and Meaning
141,raw,adjective,3,Ambiguous,Form and Meaning
141,raw,adjective,3,Ambiguous,Form and Meaning
47,reason,noun,2,Ambiguous,Form
47,reason,noun,2,Ambiguous,Form
558,recovery,noun,3,Ambiguous,Form and Meaning
558,recovery,noun,3,Ambiguous,Form and Meaning
558,recovery,noun,3,Ambiguous,Form and Meaning
93,regret,verb,2,Ambiguous,Meaning
93,regret,noun,2,Ambiguous,Meaning
311,respect,noun / verb,2,Ambiguous,Meaning
311,respect,verb,2,Ambiguous,Meaning
413,result,noun,1,Unambiguous,
498,revenge,noun,3,Ambiguous,Form and Meaning
498,revenge,noun / verb,3,Ambiguous,Form and Meaning
498,revenge,noun,3,Ambiguous,Form and Meaning
406,rhythm,noun,2,Ambiguous,Meaning
406,rhythm,noun,2,Ambiguous,Meaning
388,rice,noun,3,Ambiguous,Form
388,rice,noun,3,Ambiguous,Form
388,rice,noun,3,Ambiguous,Form
95,riddle,noun,2,Ambiguous,Meaning
95,riddle,noun,2,Ambiguous,Meaning
65,rifle,noun,3,Ambiguous,Form
65,rifle,noun,3,Ambiguous,Form
65,rifle,noun,3,Ambiguous,Form
111,riot,verb,2,Ambiguous,Meaning
111,riot,noun,2,Ambiguous,Meaning
426,river,noun,4,Ambiguous,Form
426,river,noun,4,Ambiguous,Form
426,river,noun,4,Ambiguous,Form
426,river,noun,4,Ambiguous,Form
292,road,noun,4,Ambiguous,Form
292,road,noun,4,Ambiguous,Form
292,road,noun,4,Ambiguous,Form
292,road,noun,4,Ambiguous,Form
15,roof,noun,3,Ambiguous,Form
15,roof,noun,3,Ambiguous,Form
15,roof,noun,3,Ambiguous,Form
161,room,noun,3,Ambiguous,Meaning
161,room,noun,3,Ambiguous,Meaning
161,room,noun,3,Ambiguous,Meaning
517,rope,noun,2,Ambiguous,Form
517,rope,noun,2,Ambiguous,Form
457,rose,noun,1,Unambiguous,
507,rough,adjective,6,Ambiguous,Form and Meaning
507,rough,adjective,6,Ambiguous,Form and Meaning
507,rough,adjective,6,Ambiguous,Form and Meaning
507,rough,adjective,6,Ambiguous,Form and Meaning
507,rough,adjective,6,Ambiguous,Form and Meaning
507,rough,adjective,6,Ambiguous,Form and Meaning
20,rule,noun,2,Ambiguous,Meaning
20,rule,noun / verb,2,Ambiguous,Meaning
369,rumour,noun,5,Ambiguous,Form
369,rumour,noun,5,Ambiguous,Form
369,rumour,noun,5,Ambiguous,Form
369,rumour,noun,5,Ambiguous,Form
369,rumour,noun,5,Ambiguous,Form
376,sacrifice,verb,2,Ambiguous,Meaning
376,sacrifice,verb,2,Ambiguous,Meaning
546,sail,noun,2,Ambiguous,Meaning
546,sail,verb,2,Ambiguous,Meaning
485,salt,noun,1,Unambiguous,
175,sauce,noun,3,Ambiguous,Form
175,sauce,noun,3,Ambiguous,Form
175,sauce,noun,3,Ambiguous,Form
79,scandal,noun,1,Unambiguous,
465,scar,noun,2,Ambiguous,Form
465,scar,noun,2,Ambiguous,Form
319,scarf,noun,1,Unambiguous,
168,science,noun,1,Unambiguous,
333,scissors,noun,1,Unambiguous,
112,sea,noun,3,Ambiguous,Form
112,sea,noun,3,Ambiguous,Form
112,sea,noun,3,Ambiguous,Form
53,season,noun,1,Unambiguous,
534,shame,noun,4,Ambiguous,Form and Meaning
534,shame,noun,4,Ambiguous,Form and Meaning
534,shame,noun,4,Ambiguous,Form and Meaning
534,shame,noun,4,Ambiguous,Form and Meaning
256,shape,noun,2,Ambiguous,Form
256,shape,noun,2,Ambiguous,Form
506,shark,noun,1,Unambiguous,
285,sheep,noun,2,Ambiguous,Form
285,sheep,noun,2,Ambiguous,Form
318,sheet,noun,5,Ambiguous,Form and Meaning
318,sheet,noun,5,Ambiguous,Form and Meaning
318,sheet,noun,5,Ambiguous,Form and Meaning
318,sheet,noun,5,Ambiguous,Form and Meaning
318,sheet,noun,5,Ambiguous,Form and Meaning
177,shoe,noun,2,Ambiguous,Form
177,shoe,noun,2,Ambiguous,Form
312,shop,noun,3,Ambiguous,Form and Meaning
312,shop,noun / verb,3,Ambiguous,Form and Meaning
312,shop,noun,3,Ambiguous,Form and Meaning
195,shortage,noun,2,Ambiguous,Form
195,shortage,verb,2,Ambiguous,Form
43,shoulder,noun,2,Ambiguous,Form
43,shoulder,noun,2,Ambiguous,Form
286,shy,adjective,2,Ambiguous,Form
286,shy,adjective,2,Ambiguous,Form
70,sign,noun,6,Ambiguous,Form and Meaning
70,sign,noun,6,Ambiguous,Form and Meaning
70,sign,noun,6,Ambiguous,Form and Meaning
70,sign,noun,6,Ambiguous,Form and Meaning
70,sign,verb,6,Ambiguous,Form and Meaning
70,sign,verb,6,Ambiguous,Form and Meaning
342,signature,noun,2,Ambiguous,Meaning
342,signature,noun,2,Ambiguous,Meaning
163,silence,adjective,5,Ambiguous,Form and Meaning
163,silence,adjective,5,Ambiguous,Form and Meaning
163,silence,noun,5,Ambiguous,Form and Meaning
163,silence,noun,5,Ambiguous,Form and Meaning
163,silence,noun,5,Ambiguous,Form and Meaning
402,silk,noun,3,Ambiguous,Meaning
402,silk,noun,3,Ambiguous,Meaning
402,silk,adjective,3,Ambiguous,Meaning
556,silver,noun,2,Ambiguous,Meaning
556,silver,adjective,2,Ambiguous,Meaning
407,simplicity,noun,2,Ambiguous,Form
407,simplicity,noun,2,Ambiguous,Form
114,sin,noun,1,Unambiguous,
384,sister,noun,2,Ambiguous,Meaning
384,sister,noun,2,Ambiguous,Meaning
417,size,noun,3,Ambiguous,Form and Meaning
417,size,noun,3,Ambiguous,Form and Meaning
417,size,noun,3,Ambiguous,Form and Meaning
96,skill,noun,5,Ambiguous,Form and Meaning
96,skill,noun,5,Ambiguous,Form and Meaning
96,skill,noun,5,Ambiguous,Form and Meaning
96,skill,noun,5,Ambiguous,Form and Meaning
96,skill,noun,5,Ambiguous,Form and Meaning
395,skin,noun,1,Unambiguous,
134,skirt,noun,1,Unambiguous,
478,sky,noun,2,Ambiguous,Form
478,sky,noun,2,Ambiguous,Form
46,slave,noun,4,Ambiguous,Form and Meaning
46,slave,noun,4,Ambiguous,Form and Meaning
46,slave,noun,4,Ambiguous,Form and Meaning
46,slave,verb,4,Ambiguous,Form and Meaning
22,sleeve,noun,3,Ambiguous,Form
22,sleeve,noun,3,Ambiguous,Form
22,sleeve,noun,3,Ambiguous,Form
5,smart,adjective,2,Ambiguous,Form
5,smart,adjective,2,Ambiguous,Form
456,smell,noun,4,Ambiguous,Form and Meaning
456,smell,noun,4,Ambiguous,Form and Meaning
456,smell,verb,4,Ambiguous,Form and Meaning
456,smell,noun,4,Ambiguous,Form and Meaning
200,smoke,verb,3,Ambiguous,Meaning
200,smoke,noun / verb,3,Ambiguous,Meaning
200,smoke,noun,3,Ambiguous,Meaning
321,snake,noun,1,Unambiguous,
290,snow,verb,2,Ambiguous,Meaning
290,snow,noun,2,Ambiguous,Meaning
359,soap,noun,1,Unambiguous,
468,sock,noun,2,Ambiguous,Form
468,sock,noun,2,Ambiguous,Form
550,soil,noun,3,Ambiguous,Form and Meaning
550,soil,noun,3,Ambiguous,Form and Meaning
550,soil,noun,3,Ambiguous,Form and Meaning
125,solution,noun,6,Ambiguous,Form and Meaning
125,solution,noun,6,Ambiguous,Form and Meaning
125,solution,noun,6,Ambiguous,Form and Meaning
125,solution,noun,6,Ambiguous,Form and Meaning
125,solution,noun,6,Ambiguous,Form and Meaning
125,solution,noun,6,Ambiguous,Form and Meaning
23,son,noun,1,Unambiguous,
472,song,noun,3,Ambiguous,Form and Meaning
472,song,noun,3,Ambiguous,Form and Meaning
472,song,noun,3,Ambiguous,Form and Meaning
268,space,noun,1,Unambiguous,
232,speech,noun,3,Ambiguous,Form and Meaning
232,speech,noun,3,Ambiguous,Form and Meaning
232,speech,noun,3,Ambiguous,Form and Meaning
109,spine,noun,1,Unambiguous,
126,spoon,noun,2,Ambiguous,Form
126,spoon,noun,2,Ambiguous,Form
258,stomach,noun,3,Ambiguous,Form and Meaning
258,stomach,noun,3,Ambiguous,Form and Meaning
258,stomach,noun,3,Ambiguous,Form and Meaning
291,stone,noun,2,Ambiguous,Form
291,stone,noun,2,Ambiguous,Form
226,story,noun,1,Unambiguous,
513,straw,noun,2,Ambiguous,Meaning
513,straw,noun,2,Ambiguous,Meaning
447,strawberry,noun,1,Unambiguous,
206,street,noun,3,Ambiguous,Form
206,street,noun,3,Ambiguous,Form
206,street,noun,3,Ambiguous,Form
428,strength,noun,2,Ambiguous,Meaning
428,strength,noun,2,Ambiguous,Meaning
42,sugar,noun,1,Unambiguous,
32,suit,verb,4,Ambiguous,Form and Meaning
32,suit,noun,4,Ambiguous,Form and Meaning
32,suit,noun,4,Ambiguous,Form and Meaning
32,suit,noun,4,Ambiguous,Form and Meaning
467,summer,noun,2,Ambiguous,Form
467,summer,noun,2,Ambiguous,Form
483,sun,noun,2,Ambiguous,Form
483,sun,noun,2,Ambiguous,Form
90,support,noun / verb,1,Unambiguous,
510,surprise,noun,3,Ambiguous,Meaning
510,surprise,noun,3,Ambiguous,Meaning
510,surprise,noun,3,Ambiguous,Meaning
430,sweat,noun,3,Ambiguous,Form and Meaning
430,sweat,noun,3,Ambiguous,Form and Meaning
430,sweat,noun / verb,3,Ambiguous,Form and Meaning
361,tag,noun,2,Ambiguous,Meaning
361,tag,noun,2,Ambiguous,Meaning
433,tail,verb,2,Ambiguous,Meaning
433,tail,noun,2,Ambiguous,Meaning
166,tale,noun,2,Ambiguous,Form
166,tale,noun,2,Ambiguous,Form
139,tall,adjective,2,Ambiguous,Form
139,tall,adjective,2,Ambiguous,Form
284,tap,noun,1,Unambiguous,
153,task,noun,2,Ambiguous,Meaning
153,task,noun,2,Ambiguous,Meaning
191,taste,verb,5,Ambiguous,Form and Meaning
191,taste,verb,5,Ambiguous,Form and Meaning
191,taste,noun,5,Ambiguous,Form and Meaning
191,taste,noun,5,Ambiguous,Form and Meaning
191,taste,noun,5,Ambiguous,Form and Meaning
332,tea,noun,1,Unambiguous,
274,tear,noun,2,Ambiguous,Form
274,tear,noun,2,Ambiguous,Form
452,tension,noun,3,Ambiguous,Form and Meaning
452,tension,noun,3,Ambiguous,Form and Meaning
452,tension,noun,3,Ambiguous,Form and Meaning
420,thief,noun,2,Ambiguous,Form
420,thief,noun,2,Ambiguous,Form
418,thigh,noun,1,Unambiguous,
66,thin,adjective,6,Ambiguous,Form and Meaning
66,thin,adjective,6,Ambiguous,Form and Meaning
66,thin,adjective,6,Ambiguous,Form and Meaning
66,thin,adjective,6,Ambiguous,Form and Meaning
66,thin,adjective,6,Ambiguous,Form and Meaning
66,thin,adjective,6,Ambiguous,Form and Meaning
61,thing,noun,5,Ambiguous,Form and Meaning
61,thing,noun,5,Ambiguous,Form and Meaning
61,thing,noun,5,Ambiguous,Form and Meaning
61,thing,noun,5,Ambiguous,Form and Meaning
61,thing,noun,5,Ambiguous,Form and Meaning
358,thought,noun,2,Ambiguous,Meaning
358,thought,noun,2,Ambiguous,Meaning
370,thread,noun,1,Unambiguous,
142,threat,noun,2,Ambiguous,Meaning
142,threat,noun,2,Ambiguous,Meaning
260,throat,noun,3,Ambiguous,Form
260,throat,noun,3,Ambiguous,Form
260,throat,noun,3,Ambiguous,Form
31,thumb,noun,2,Ambiguous,Form
31,thumb,noun,2,Ambiguous,Form
305,ticket,noun,2,Ambiguous,Form
305,ticket,noun,2,Ambiguous,Form
49,tiger,noun,2,Ambiguous,Form
49,tiger,noun,2,Ambiguous,Form
414,time,noun,1,Unambiguous,
279,tobacco,noun,2,Ambiguous,Form
279,tobacco,noun,2,Ambiguous,Form
174,tongue,noun,2,Ambiguous,Form
174,tongue,noun,2,Ambiguous,Form
437,torch,noun,4,Ambiguous,Form and Meaning
437,torch,noun,4,Ambiguous,Form and Meaning
437,torch,noun,4,Ambiguous,Form and Meaning
437,torch,noun,4,Ambiguous,Form and Meaning
148,tough,adjective,7,Ambiguous,Form and Meaning
148,tough,adjective,7,Ambiguous,Form and Meaning
148,tough,adjective,7,Ambiguous,Form and Meaning
148,tough,adjective,7,Ambiguous,Form and Meaning
148,tough,adjective,7,Ambiguous,Form and Meaning
148,tough,adjective,7,Ambiguous,Form and Meaning
148,tough,adjective,7,Ambiguous,Form and Meaning
545,towel,noun,1,Unambiguous,
283,town,noun,3,Ambiguous,Form
283,town,noun,3,Ambiguous,Form
283,town,noun,3,Ambiguous,Form
63,trade,verb,2,Ambiguous,Meaning
63,trade,noun,2,Ambiguous,Meaning
10,train,noun,2,Ambiguous,Meaning
10,train,verb,2,Ambiguous,Meaning
266,trash,noun,1,Unambiguous,
522,treaty,noun,2,Ambiguous,Meaning
522,treaty,noun,2,Ambiguous,Meaning
555,tree,noun,1,Unambiguous,
280,triangle,noun,2,Ambiguous,Form
280,triangle,noun,2,Ambiguous,Form
316,trousers,noun,3,Ambiguous,Form
316,trousers,noun,3,Ambiguous,Form
316,trousers,noun,3,Ambiguous,Form
287,trunk,noun,3,Ambiguous,Meaning
287,trunk,noun,3,Ambiguous,Meaning
287,trunk,noun,3,Ambiguous,Meaning
544,truth,noun,4,Ambiguous,Meaning
544,truth,noun,4,Ambiguous,Meaning
544,truth,noun,4,Ambiguous,Meaning
544,truth,noun,4,Ambiguous,Meaning
367,turtle,noun,3,Ambiguous,Form
367,turtle,noun,3,Ambiguous,Form
367,turtle,noun,3,Ambiguous,Form
265,twilight,noun,2,Ambiguous,Form
265,twilight,noun,2,Ambiguous,Form
489,twin,noun,2,Ambiguous,Form
489,twin,noun,2,Ambiguous,Form
225,umbrella,noun,3,Ambiguous,Form
225,umbrella,noun,3,Ambiguous,Form
225,umbrella,noun,3,Ambiguous,Form
307,uncle,noun,4,Ambiguous,Form and Meaning
307,uncle,noun,4,Ambiguous,Form and Meaning
307,uncle,noun,4,Ambiguous,Form and Meaning
307,uncle,noun,4,Ambiguous,Form and Meaning
7,unity,noun,3,Ambiguous,Form and Meaning
7,unity,noun,3,Ambiguous,Form and Meaning
7,unity,noun,3,Ambiguous,Form and Meaning
149,utensil,noun,2,Ambiguous,Form
149,utensil,noun,2,Ambiguous,Form
223,vase,noun,1,Unambiguous,
38,vet,noun,1,Unambiguous,
438,victim,noun,4,Ambiguous,Form
438,victim,noun,4,Ambiguous,Form
438,victim,noun,4,Ambiguous,Form
438,victim,noun,4,Ambiguous,Form
308,village,noun,3,Ambiguous,Form
308,village,noun,3,Ambiguous,Form
308,village,noun,3,Ambiguous,Form
94,violin,noun,1,Unambiguous,
34,virtue,noun,4,Ambiguous,Form and Meaning
34,virtue,noun,4,Ambiguous,Form and Meaning
34,virtue,noun,4,Ambiguous,Form and Meaning
34,virtue,noun,4,Ambiguous,Form and Meaning
118,voice,noun,1,Unambiguous,
397,wage,noun,2,Ambiguous,Form
397,wage,noun,2,Ambiguous,Form
386,wages,noun,2,Ambiguous,Form
386,wages,noun,2,Ambiguous,Form
538,wall,noun,2,Ambiguous,Form
538,wall,noun,2,Ambiguous,Form
441,war,noun,1,Unambiguous,
415,warmth,noun,1,Unambiguous,
334,watch,noun,3,Ambiguous,Form and Meaning
334,watch,verb,3,Ambiguous,Form and Meaning
334,watch,noun,3,Ambiguous,Form and Meaning
505,water,noun,1,Unambiguous,
211,wave,noun,6,Ambiguous,Form and Meaning
211,wave,noun,6,Ambiguous,Form and Meaning
211,wave,verb,6,Ambiguous,Form and Meaning
211,wave,noun,6,Ambiguous,Form and Meaning
211,wave,noun,6,Ambiguous,Form and Meaning
211,wave,verb,6,Ambiguous,Form and Meaning
495,weakness,noun,5,Ambiguous,Meaning
495,weakness,noun,5,Ambiguous,Meaning
495,weakness,adjective,5,Ambiguous,Meaning
495,weakness,noun,5,Ambiguous,Meaning
495,weakness,noun,5,Ambiguous,Meaning
529,west,noun,5,Ambiguous,Form and Meaning
529,west,adjective,5,Ambiguous,Form and Meaning
529,west,noun,5,Ambiguous,Form and Meaning
529,west,noun,5,Ambiguous,Form and Meaning
529,west,adjective,5,Ambiguous,Form and Meaning
242,wet,adjective,3,Ambiguous,Form
242,wet,adjective,3,Ambiguous,Form
242,wet,adjective,3,Ambiguous,Form
40,whale,noun,2,Ambiguous,Form
40,whale,noun,2,Ambiguous,Form
536,wheel,noun,3,Ambiguous,Form
536,wheel,noun,3,Ambiguous,Form
536,wheel,noun,3,Ambiguous,Form
314,will,verb,7,Ambiguous,Form and Meaning
314,will,adverb,7,Ambiguous,Form and Meaning
314,will,adverb,7,Ambiguous,Form and Meaning
314,will,noun,7,Ambiguous,Form and Meaning
314,will,noun,7,Ambiguous,Form and Meaning
314,will,noun,7,Ambiguous,Form and Meaning
314,will,verb,7,Ambiguous,Form and Meaning
240,wind,noun,1,Unambiguous,
542,window,noun,2,Ambiguous,Form
542,window,noun,2,Ambiguous,Form
315,wing,noun,2,Ambiguous,Meaning
315,wing,noun,2,Ambiguous,Meaning
464,winter,noun,3,Ambiguous,Form
464,winter,noun,3,Ambiguous,Form
464,winter,noun,3,Ambiguous,Form
366,wire,noun,2,Ambiguous,Meaning
366,wire,noun,2,Ambiguous,Meaning
277,wisdom,noun,2,Ambiguous,Meaning
277,wisdom,noun,2,Ambiguous,Meaning
197,wish,noun / verb,2,Ambiguous,Form
197,wish,noun / verb,2,Ambiguous,Form
239,wolf,noun,1,Unambiguous,
235,woman,noun,2,Ambiguous,Meaning
235,woman,noun,2,Ambiguous,Meaning
362,wood,noun,3,Ambiguous,Form
362,wood,noun,3,Ambiguous,Form
362,wood,noun,3,Ambiguous,Form
310,word,noun,2,Ambiguous,Form
310,word,noun,2,Ambiguous,Form
29,world,noun,1,Unambiguous,
203,worth,noun,2,Ambiguous,Form
203,worth,noun,2,Ambiguous,Form
416,year,noun,1,Unambiguous,
101,youth,adjective,5,Ambiguous,Form and Meaning
101,youth,adjective,5,Ambiguous,Form and Meaning
101,youth,noun,5,Ambiguous,Form and Meaning
101,youth,noun,5,Ambiguous,Form and Meaning
101,youth,noun,5,Ambiguous,Form and Meaning